FyH;Equity
6/7/16 11:00;1000
6/7/16 12:00;1001
6/7/16 13:00;1003
6/7/16 14:00;1004
6/7/16 15:00;1005
6/7/16 16:00;999
6/7/16 17:00;996
6/7/16 18:00;1016
6/7/16 19:00;1031
6/7/16 20:00;1034
6/7/16 21:00;1035
6/7/16 22:00;1034
6/7/16 23:00;1032
7/7/16 0:00;1029
7/7/16 1:00;1032
7/7/16 2:00;1033
7/7/16 3:00;1038
7/7/16 4:00;1044
7/7/16 5:00;1042
7/7/16 6:00;1043
7/7/16 7:00;1041
7/7/16 8:00;1042
7/7/16 9:00;1027
7/7/16 10:00;1047
7/7/16 11:00;1047
7/7/16 12:00;1047
7/7/16 13:00;1043
7/7/16 14:00;1044
7/7/16 15:00;1043
7/7/16 16:00;1036
7/7/16 17:00;1042
7/7/16 18:00;1043
7/7/16 19:00;928
7/7/16 20:00;929
7/7/16 21:00;927
7/7/16 22:00;931
7/7/16 23:00;933
8/7/16 0:00;934
8/7/16 1:00;930
8/7/16 2:00;935
8/7/16 3:00;938
8/7/16 4:00;938
8/7/16 5:00;937
8/7/16 6:00;937
8/7/16 7:00;937
8/7/16 8:00;936
8/7/16 9:00;936
8/7/16 10:00;939
8/7/16 11:00;937
8/7/16 12:00;939
8/7/16 13:00;939
8/7/16 14:00;939
8/7/16 15:00;939
8/7/16 16:00;939
8/7/16 17:00;939
8/7/16 18:00;939
8/7/16 19:00;939
8/7/16 20:00;939
8/7/16 21:00;939
8/7/16 22:00;939
8/7/16 23:00;939
11/7/16 1:00;939
11/7/16 2:00;939
11/7/16 3:00;939
11/7/16 4:00;939
11/7/16 5:00;939
11/7/16 6:00;939
11/7/16 7:00;939
11/7/16 8:00;938
11/7/16 9:00;936
11/7/16 10:00;945
11/7/16 11:00;931
11/7/16 12:00;951
11/7/16 13:00;946
11/7/16 14:00;944
11/7/16 15:00;919
11/7/16 16:00;902
11/7/16 17:00;905
11/7/16 18:00;902
11/7/16 19:00;904
11/7/16 20:00;902
11/7/16 21:00;897
11/7/16 22:00;897
11/7/16 23:00;901
12/7/16 0:00;902
12/7/16 1:00;908
12/7/16 2:00;907
12/7/16 3:00;906
12/7/16 4:00;904
12/7/16 5:00;907
12/7/16 6:00;910
12/7/16 7:00;909
12/7/16 8:00;908
12/7/16 9:00;908
12/7/16 10:00;905
12/7/16 11:00;898
12/7/16 12:00;863
12/7/16 13:00;864
12/7/16 14:00;868
12/7/16 15:00;862
12/7/16 16:00;860
12/7/16 17:00;859
12/7/16 18:00;850
12/7/16 19:00;838
12/7/16 20:00;841
12/7/16 21:00;849
12/7/16 22:00;854
12/7/16 23:00;859
13/7/16 0:00;856
13/7/16 1:00;858
13/7/16 2:00;855
13/7/16 3:00;859
13/7/16 4:00;865
13/7/16 5:00;866
13/7/16 6:00;861
13/7/16 7:00;864
13/7/16 8:00;863
13/7/16 9:00;867
13/7/16 10:00;869
13/7/16 11:00;872
13/7/16 12:00;872
13/7/16 13:00;871
13/7/16 14:00;872
13/7/16 15:00;872
13/7/16 16:00;876
13/7/16 17:00;882
13/7/16 18:00;873
13/7/16 19:00;883
13/7/16 20:00;873
13/7/16 21:00;874
13/7/16 22:00;865
13/7/16 23:00;874
14/7/16 0:00;860
14/7/16 1:00;807
14/7/16 2:00;864
14/7/16 3:00;868
14/7/16 4:00;920
14/7/16 5:00;934
14/7/16 6:00;934
14/7/16 7:00;892
14/7/16 8:00;896
14/7/16 9:00;957
14/7/16 10:00;954
14/7/16 11:00;777
14/7/16 12:00;691
14/7/16 13:00;811
14/7/16 14:00;612
14/7/16 15:00;665
14/7/16 16:00;677
14/7/16 17:00;677
14/7/16 18:00;676
14/7/16 19:00;680
14/7/16 20:00;683
14/7/16 21:00;681
14/7/16 22:00;682
14/7/16 23:00;681
15/7/16 0:00;682
15/7/16 1:00;681
15/7/16 2:00;679
15/7/16 3:00;678
15/7/16 4:00;680
15/7/16 5:00;664
15/7/16 6:00;600
15/7/16 7:00;823
15/7/16 8:00;832
15/7/16 9:00;846
15/7/16 10:00;844
15/7/16 11:00;847
15/7/16 12:00;843
15/7/16 13:00;848
15/7/16 14:00;849
15/7/16 15:00;847
15/7/16 16:00;849
15/7/16 17:00;831
15/7/16 18:00;808
15/7/16 19:00;816
15/7/16 20:00;879
15/7/16 21:00;887
15/7/16 22:00;898
15/7/16 23:00;890
18/7/16 1:00;909
18/7/16 2:00;908
18/7/16 3:00;909
18/7/16 4:00;910
18/7/16 5:00;908
18/7/16 6:00;915
18/7/16 7:00;914
18/7/16 8:00;915
18/7/16 9:00;915
18/7/16 10:00;914
18/7/16 11:00;914
18/7/16 12:00;914
18/7/16 13:00;914
18/7/16 14:00;913
18/7/16 15:00;912
18/7/16 16:00;915
18/7/16 17:00;914
18/7/16 18:00;922
18/7/16 19:00;921
18/7/16 20:00;922
18/7/16 21:00;922
18/7/16 22:00;926
18/7/16 23:00;924
19/7/16 0:00;914
19/7/16 1:00;914
19/7/16 2:00;909
19/7/16 3:00;913
19/7/16 4:00;895
19/7/16 5:00;897
19/7/16 9:00;887
19/7/16 10:00;868
19/7/16 11:00;891
19/7/16 12:00;849
19/7/16 13:00;853
19/7/16 14:00;1029
19/7/16 15:00;1009
19/7/16 16:00;1015
19/7/16 17:00;1022
19/7/16 18:00;1027
19/7/16 19:00;1027
19/7/16 20:00;1024
19/7/16 21:00;1018
19/7/16 22:00;1037
19/7/16 23:00;1061
20/7/16 0:00;1058
20/7/16 1:00;1066
20/7/16 2:00;1059
20/7/16 3:00;1036
20/7/16 4:00;1056
20/7/16 5:00;1055
20/7/16 6:00;1059
20/7/16 7:00;1061
20/7/16 8:00;1060
20/7/16 9:00;1051
20/7/16 10:00;1044
20/7/16 11:00;1050
20/7/16 12:00;1051
20/7/16 13:00;1054
20/7/16 14:00;1054
20/7/16 15:00;1044
20/7/16 16:00;1041
20/7/16 17:00;1082
20/7/16 18:00;1077
20/7/16 19:00;1077
20/7/16 20:00;1075
20/7/16 21:00;1071
20/7/16 22:00;1073
20/7/16 23:00;1073
21/7/16 0:00;1049
21/7/16 1:00;1058
21/7/16 2:00;1055
21/7/16 3:00;1069
21/7/16 4:00;1084
21/7/16 5:00;1085
21/7/16 6:00;1119
21/7/16 7:00;1118
21/7/16 8:00;1116
21/7/16 9:00;1113
21/7/16 10:00;1116
21/7/16 11:00;1126
21/7/16 12:00;1127
21/7/16 13:00;1125
21/7/16 14:00;1120
21/7/16 15:00;1131
21/7/16 16:00;1130
21/7/16 17:00;1138
21/7/16 18:00;1133
21/7/16 19:00;1128
21/7/16 20:00;1123
21/7/16 21:00;1123
21/7/16 22:00;1128
21/7/16 23:00;1125
22/7/16 0:00;1128
22/7/16 1:00;1131
22/7/16 2:00;1134
22/7/16 3:00;1127
22/7/16 4:00;1114
22/7/16 5:00;1110
22/7/16 6:00;1114
22/7/16 7:00;1116
22/7/16 8:00;1114
22/7/16 9:00;1113
22/7/16 10:00;1106
22/7/16 11:00;1109
22/7/16 12:00;1103
22/7/16 13:00;1111
22/7/16 14:00;1130
22/7/16 15:00;1138
22/7/16 16:00;1110
22/7/16 17:00;1090
22/7/16 18:00;1103
22/7/16 19:00;1122
22/7/16 20:00;1124
22/7/16 21:00;1151
22/7/16 22:00;1150
22/7/16 23:00;1169
25/7/16 1:00;1167
25/7/16 2:00;1175
25/7/16 3:00;1167
25/7/16 4:00;1164
25/7/16 5:00;1172
25/7/16 6:00;1166
25/7/16 7:00;1166
25/7/16 8:00;1175
25/7/16 9:00;1172
25/7/16 10:00;1168
25/7/16 11:00;1170
25/7/16 12:00;1173
25/7/16 13:00;1176
25/7/16 14:00;1174
25/7/16 15:00;1153
25/7/16 16:00;1157
25/7/16 17:00;1142
25/7/16 18:00;1147
25/7/16 19:00;1154
25/7/16 20:00;1158
25/7/16 21:00;1151
25/7/16 22:00;1151
25/7/16 23:00;1154
26/7/16 0:00;1152
26/7/16 1:00;1157
26/7/16 2:00;1151
26/7/16 3:00;1125
26/7/16 4:00;1135
26/7/16 5:00;1152
26/7/16 6:00;1154
26/7/16 7:00;1139
26/7/16 8:00;1172
26/7/16 9:00;1132
26/7/16 10:00;1034
26/7/16 11:00;1223
26/7/16 12:00;1215
26/7/16 13:00;1270
26/7/16 14:00;1260
26/7/16 15:00;1269
26/7/16 16:00;1318
26/7/16 17:00;1317
26/7/16 18:00;1321
26/7/16 19:00;1319
26/7/16 20:00;1325
26/7/16 21:00;1325
26/7/16 22:00;1330
26/7/16 23:00;1329
27/7/16 0:00;1335
27/7/16 1:00;1339
27/7/16 2:00;1342
27/7/16 3:00;1347
27/7/16 4:00;1348
27/7/16 5:00;1345
27/7/16 6:00;1350
27/7/16 7:00;1367
27/7/16 8:00;1360
27/7/16 9:00;1337
27/7/16 10:00;1330
27/7/16 11:00;1271
27/7/16 12:00;1321
27/7/16 13:00;1353
27/7/16 14:00;1359
27/7/16 15:00;1370
27/7/16 16:00;1388
27/7/16 17:00;1372
27/7/16 18:00;1369
27/7/16 19:00;1374
27/7/16 20:00;1369
27/7/16 21:00;1386
27/7/16 22:00;1396
27/7/16 23:00;1393
28/7/16 0:00;1395
28/7/16 1:00;1395
28/7/16 2:00;1392
28/7/16 3:00;1393
28/7/16 4:00;1399
28/7/16 5:00;1397
28/7/16 6:00;1394
28/7/16 7:00;1394
28/7/16 8:00;1395
28/7/16 9:00;1393
28/7/16 10:00;1386
28/7/16 11:00;1385
28/7/16 12:00;1387
28/7/16 13:00;1389
28/7/16 14:00;1385
28/7/16 15:00;1365
28/7/16 16:00;1364
28/7/16 17:00;1395
28/7/16 18:00;1392
28/7/16 19:00;1388
28/7/16 20:00;1397
28/7/16 21:00;1395
28/7/16 22:00;1391
28/7/16 23:00;1394
29/7/16 0:00;1389
29/7/16 1:00;1385
29/7/16 2:00;1382
29/7/16 3:00;1368
29/7/16 4:00;1367
29/7/16 5:00;1380
29/7/16 6:00;1345
29/7/16 7:00;1351
29/7/16 8:00;1410
29/7/16 9:00;1441
29/7/16 10:00;1437
29/7/16 11:00;1431
29/7/16 12:00;1410
29/7/16 13:00;1347
29/7/16 14:00;1333
29/7/16 15:00;1333
29/7/16 16:00;1241
29/7/16 17:00;1130
29/7/16 18:00;1129
29/7/16 19:00;1138
29/7/16 20:00;1132
29/7/16 21:00;1129
29/7/16 22:00;1130
29/7/16 23:00;1132
1/8/16 1:00;1139
1/8/16 2:00;1139
1/8/16 3:00;1137
1/8/16 4:00;1137
1/8/16 5:00;1137
1/8/16 6:00;1138
1/8/16 7:00;1135
1/8/16 8:00;1139
1/8/16 9:00;1143
1/8/16 10:00;1142
1/8/16 11:00;1145
1/8/16 12:00;1143
1/8/16 13:00;1147
1/8/16 14:00;1150
1/8/16 15:00;1154
1/8/16 16:00;1153
1/8/16 17:00;1154
1/8/16 18:00;1152
1/8/16 19:00;1153
1/8/16 20:00;1155
1/8/16 21:00;1154
1/8/16 22:00;1159
1/8/16 23:00;1158
2/8/16 0:00;1157
2/8/16 1:00;1159
2/8/16 2:00;1159
2/8/16 3:00;1157
2/8/16 4:00;1160
2/8/16 5:00;1159
2/8/16 6:00;1157
2/8/16 7:00;1158
2/8/16 8:00;1153
2/8/16 9:00;1153
2/8/16 10:00;1139
2/8/16 11:00;1149
2/8/16 12:00;1152
2/8/16 13:00;1156
2/8/16 14:00;1147
2/8/16 15:00;1136
2/8/16 16:00;1128
2/8/16 17:00;1126
2/8/16 18:00;1112
2/8/16 19:00;1106
2/8/16 20:00;1129
2/8/16 21:00;1143
2/8/16 22:00;1137
2/8/16 23:00;1140
3/8/16 0:00;1152
3/8/16 1:00;1171
3/8/16 2:00;1177
3/8/16 3:00;1185
3/8/16 4:00;1187
3/8/16 5:00;1185
3/8/16 6:00;1188
3/8/16 7:00;1190
3/8/16 8:00;1189
3/8/16 9:00;1197
3/8/16 10:00;1196
3/8/16 11:00;1196
3/8/16 12:00;1197
3/8/16 13:00;1197
3/8/16 14:00;1196
3/8/16 15:00;1197
3/8/16 16:00;1198
3/8/16 17:00;1198
3/8/16 18:00;1196
3/8/16 19:00;1192
3/8/16 20:00;1193
3/8/16 21:00;1200
3/8/16 22:00;1200
3/8/16 23:00;1199
4/8/16 0:00;1199
4/8/16 1:00;1199
4/8/16 2:00;1199
4/8/16 3:00;1197
4/8/16 4:00;1199
4/8/16 5:00;1197
4/8/16 6:00;1198
4/8/16 7:00;1199
4/8/16 8:00;1202
4/8/16 9:00;1208
4/8/16 10:00;1206
4/8/16 11:00;1205
4/8/16 12:00;1205
4/8/16 13:00;1208
4/8/16 14:00;1194
4/8/16 15:00;1187
4/8/16 16:00;1186
4/8/16 17:00;1189
4/8/16 18:00;1192
4/8/16 19:00;1185
4/8/16 20:00;1180
4/8/16 21:00;1187
4/8/16 22:00;1194
4/8/16 23:00;1187
5/8/16 0:00;1188
5/8/16 1:00;1190
5/8/16 2:00;1193
5/8/16 3:00;1195
5/8/16 4:00;1194
5/8/16 5:00;1192
5/8/16 6:00;1193
5/8/16 7:00;1193
5/8/16 8:00;1188
5/8/16 9:00;1187
5/8/16 10:00;1189
5/8/16 11:00;1184
5/8/16 12:00;1192
5/8/16 13:00;1194
5/8/16 14:00;1202
5/8/16 15:00;1190
5/8/16 16:00;1180
5/8/16 17:00;1197
5/8/16 18:00;1212
5/8/16 19:00;1213
5/8/16 20:00;1215
5/8/16 21:00;1217
5/8/16 22:00;1213
5/8/16 23:00;1210
8/8/16 1:00;1211
8/8/16 2:00;1211
8/8/16 3:00;1213
8/8/16 4:00;1219
8/8/16 5:00;1225
8/8/16 6:00;1227
8/8/16 7:00;1227
8/8/16 8:00;1223
8/8/16 9:00;1218
8/8/16 10:00;1216
8/8/16 11:00;1212
8/8/16 12:00;1211
8/8/16 13:00;1210
8/8/16 14:00;1212
8/8/16 15:00;1208
8/8/16 16:00;1201
8/8/16 17:00;1187
8/8/16 18:00;1199
8/8/16 19:00;1210
8/8/16 20:00;1213
8/8/16 21:00;1218
8/8/16 22:00;1219
8/8/16 23:00;1221
9/8/16 0:00;1215
9/8/16 1:00;1216
9/8/16 2:00;1221
9/8/16 3:00;1222
9/8/16 4:00;1206
9/8/16 5:00;1207
9/8/16 6:00;1215
9/8/16 7:00;1210
9/8/16 8:00;1198
9/8/16 9:00;1201
9/8/16 10:00;1197
9/8/16 11:00;1215
9/8/16 12:00;1202
9/8/16 13:00;1213
9/8/16 14:00;1203
9/8/16 15:00;1207
9/8/16 16:00;1207
9/8/16 17:00;1230
9/8/16 18:00;1247
9/8/16 19:00;1244
9/8/16 20:00;1244
9/8/16 21:00;1242
9/8/16 22:00;1244
9/8/16 23:00;1245
10/8/16 0:00;1244
10/8/16 1:00;1245
10/8/16 2:00;1246
10/8/16 3:00;1256
10/8/16 4:00;1261
10/8/16 5:00;1264
10/8/16 6:00;1265
10/8/16 7:00;1263
10/8/16 8:00;1262
10/8/16 9:00;1267
10/8/16 10:00;1267
10/8/16 11:00;1263
10/8/16 12:00;1255
10/8/16 13:00;1250
10/8/16 14:00;1241
10/8/16 15:00;1235
10/8/16 16:00;1254
10/8/16 17:00;1254
10/8/16 18:00;1253
10/8/16 19:00;1254
10/8/16 20:00;1248
10/8/16 21:00;1260
10/8/16 22:00;1262
10/8/16 23:00;1261
11/8/16 0:00;1260
11/8/16 1:00;1259
11/8/16 2:00;1255
11/8/16 3:00;1259
11/8/16 4:00;1284
11/8/16 5:00;1285
11/8/16 6:00;1288
11/8/16 7:00;1294
11/8/16 8:00;1292
11/8/16 9:00;1296
11/8/16 10:00;1283
11/8/16 11:00;1275
11/8/16 12:00;1287
11/8/16 13:00;1295
11/8/16 14:00;1288
11/8/16 15:00;1282
11/8/16 16:00;1281
11/8/16 17:00;1263
11/8/16 18:00;1266
11/8/16 19:00;1285
11/8/16 20:00;1286
11/8/16 21:00;1296
11/8/16 22:00;1295
11/8/16 23:00;1296
12/8/16 0:00;1295
12/8/16 1:00;1295
12/8/16 2:00;1296
12/8/16 3:00;1304
12/8/16 4:00;1311
12/8/16 5:00;1308
12/8/16 6:00;1306
12/8/16 7:00;1301
12/8/16 8:00;1309
12/8/16 9:00;1298
12/8/16 10:00;1291
12/8/16 11:00;1290
12/8/16 12:00;1291
12/8/16 13:00;1289
12/8/16 14:00;1291
12/8/16 15:00;1288
12/8/16 16:00;1266
12/8/16 17:00;1226
12/8/16 18:00;1218
12/8/16 19:00;1127
12/8/16 20:00;1144
12/8/16 21:00;1155
12/8/16 22:00;1259
12/8/16 23:00;1197
15/8/16 1:00;1304
15/8/16 2:00;1288
15/8/16 3:00;1303
15/8/16 4:00;1402
15/8/16 5:00;1387
15/8/16 6:00;1428
15/8/16 7:00;1362
15/8/16 8:00;1442
15/8/16 9:00;1465
15/8/16 10:00;1451
15/8/16 11:00;1445
15/8/16 12:00;1449
15/8/16 13:00;1445
15/8/16 14:00;1391
15/8/16 15:00;1376
15/8/16 16:00;1265
15/8/16 17:00;1161
15/8/16 18:00;1164
15/8/16 19:00;1165
15/8/16 20:00;1164
15/8/16 21:00;1164
15/8/16 22:00;1166
15/8/16 23:00;1167
16/8/16 0:00;1167
16/8/16 1:00;1165
16/8/16 2:00;1160
16/8/16 3:00;1156
16/8/16 4:00;1155
16/8/16 5:00;1148
16/8/16 6:00;1144
16/8/16 7:00;1134
16/8/16 8:00;1131
16/8/16 9:00;1123
16/8/16 10:00;1121
16/8/16 11:00;1117
16/8/16 12:00;1135
16/8/16 13:00;1137
16/8/16 14:00;1140
16/8/16 15:00;1141
16/8/16 16:00;1141
16/8/16 17:00;1141
16/8/16 18:00;1141
16/8/16 19:00;1141
16/8/16 20:00;1141
16/8/16 21:00;1140
16/8/16 22:00;1140
16/8/16 23:00;1141
17/8/16 0:00;1140
17/8/16 1:00;1140
17/8/16 2:00;1140
17/8/16 3:00;1140
17/8/16 4:00;1141
17/8/16 5:00;1141
17/8/16 6:00;1141
17/8/16 7:00;1139
17/8/16 8:00;1139
17/8/16 9:00;1135
17/8/16 10:00;1108
17/8/16 11:00;1124
17/8/16 12:00;1116
17/8/16 13:00;1131
17/8/16 14:00;1103
17/8/16 15:00;1072
17/8/16 16:00;1113
17/8/16 17:00;1164
17/8/16 18:00;1319
17/8/16 19:00;1319
17/8/16 20:00;1318
17/8/16 21:00;1319
17/8/16 22:00;1318
17/8/16 23:00;1318
18/8/16 0:00;1319
18/8/16 1:00;1314
18/8/16 2:00;1317
18/8/16 3:00;1315
18/8/16 4:00;1318
18/8/16 5:00;1314
18/8/16 6:00;1314
18/8/16 7:00;1316
18/8/16 8:00;1313
18/8/16 9:00;1314
18/8/16 10:00;1315
18/8/16 11:00;1321
18/8/16 12:00;1321
18/8/16 13:00;1322
18/8/16 14:00;1313
18/8/16 15:00;1320
18/8/16 16:00;1323
18/8/16 17:00;1324
18/8/16 18:00;1324
18/8/16 19:00;1322
18/8/16 20:00;1324
18/8/16 21:00;1325
18/8/16 22:00;1325
18/8/16 23:00;1326
19/8/16 0:00;1331
19/8/16 1:00;1338
19/8/16 2:00;1343
19/8/16 3:00;1341
19/8/16 4:00;1338
19/8/16 5:00;1339
19/8/16 6:00;1337
19/8/16 7:00;1344
19/8/16 8:00;1345
19/8/16 9:00;1344
19/8/16 10:00;1344
19/8/16 11:00;1345
19/8/16 12:00;1346
19/8/16 13:00;1344
19/8/16 14:00;1351
19/8/16 15:00;1350
19/8/16 16:00;1351
19/8/16 17:00;1351
19/8/16 18:00;1352
19/8/16 19:00;1351
19/8/16 20:00;1350
21/8/16 22:00;1351
21/8/16 23:00;1353
22/8/16 0:00;1354
22/8/16 1:00;1355
22/8/16 2:00;1355
22/8/16 3:00;1355
22/8/16 4:00;1355
22/8/16 5:00;1356
22/8/16 6:00;1353
22/8/16 7:00;1354
22/8/16 8:00;1357
22/8/16 9:00;1356
22/8/16 10:00;1354
22/8/16 11:00;1356
22/8/16 12:00;1352
22/8/16 13:00;1351
22/8/16 14:00;1351
22/8/16 15:00;1347
22/8/16 16:00;1347
22/8/16 17:00;1345
22/8/16 18:00;1346
22/8/16 19:00;1346
22/8/16 20:00;1347
22/8/16 21:00;1346
22/8/16 22:00;1346
22/8/16 23:00;1347
23/8/16 0:00;1348
23/8/16 1:00;1347
23/8/16 2:00;1347
23/8/16 3:00;1347
23/8/16 4:00;1348
23/8/16 5:00;1348
23/8/16 6:00;1349
23/8/16 7:00;1350
23/8/16 8:00;1352
23/8/16 9:00;1353
23/8/16 10:00;1353
23/8/16 11:00;1349
23/8/16 12:00;1352
23/8/16 13:00;1351
23/8/16 14:00;1356
23/8/16 15:00;1361
23/8/16 16:00;1362
23/8/16 17:00;1363
23/8/16 18:00;1363
23/8/16 19:00;1364
23/8/16 20:00;1365
23/8/16 21:00;1364
23/8/16 22:00;1367
23/8/16 23:00;1368
24/8/16 0:00;1368
24/8/16 1:00;1369
24/8/16 2:00;1368
24/8/16 3:00;1367
24/8/16 4:00;1368
24/8/16 5:00;1368
24/8/16 6:00;1368
24/8/16 7:00;1366
24/8/16 8:00;1359
24/8/16 9:00;1358
24/8/16 10:00;1354
24/8/16 11:00;1354
24/8/16 12:00;1348
24/8/16 13:00;1342
24/8/16 14:00;1334
24/8/16 15:00;1355
24/8/16 16:00;1365
24/8/16 17:00;1359
24/8/16 18:00;1365
24/8/16 19:00;1366
24/8/16 20:00;1362
24/8/16 21:00;1362
24/8/16 22:00;1360
24/8/16 23:00;1354
25/8/16 0:00;1343
25/8/16 1:00;1355
25/8/16 2:00;1371
25/8/16 3:00;1374
25/8/16 4:00;1374
25/8/16 5:00;1373
25/8/16 6:00;1376
25/8/16 7:00;1379
25/8/16 8:00;1382
25/8/16 9:00;1379
25/8/16 10:00;1386
25/8/16 11:00;1387
25/8/16 12:00;1391
25/8/16 13:00;1388
25/8/16 14:00;1387
25/8/16 15:00;1390
25/8/16 16:00;1388
25/8/16 17:00;1391
25/8/16 18:00;1391
25/8/16 19:00;1388
25/8/16 20:00;1388
25/8/16 21:00;1387
25/8/16 22:00;1388
25/8/16 23:00;1387
26/8/16 0:00;1384
26/8/16 1:00;1385
26/8/16 2:00;1384
26/8/16 3:00;1382
26/8/16 4:00;1382
26/8/16 5:00;1380
26/8/16 6:00;1382
26/8/16 7:00;1380
26/8/16 8:00;1381
26/8/16 9:00;1383
26/8/16 10:00;1383
26/8/16 11:00;1380
26/8/16 12:00;1374
26/8/16 13:00;1378
26/8/16 14:00;1375
26/8/16 15:00;1379
26/8/16 16:00;1383
26/8/16 17:00;1358
26/8/16 18:00;1337
26/8/16 19:00;1348
26/8/16 20:00;1346
28/8/16 22:00;1342
28/8/16 23:00;1353
29/8/16 0:00;1363
29/8/16 1:00;1342
29/8/16 2:00;1353
29/8/16 3:00;1366
29/8/16 4:00;1366
29/8/16 5:00;1369
29/8/16 6:00;1357
29/8/16 7:00;1357
29/8/16 8:00;1376
29/8/16 9:00;1378
29/8/16 10:00;1375
29/8/16 11:00;1356
29/8/16 12:00;1356
29/8/16 13:00;1354
29/8/16 14:00;1371
29/8/16 15:00;1393
29/8/16 16:00;1387
29/8/16 17:00;1409
29/8/16 18:00;1403
29/8/16 19:00;1403
29/8/16 20:00;1405
29/8/16 21:00;1401
29/8/16 22:00;1402
29/8/16 23:00;1409
30/8/16 0:00;1402
30/8/16 1:00;1391
30/8/16 2:00;1388
30/8/16 3:00;1390
30/8/16 4:00;1387
30/8/16 5:00;1386
30/8/16 6:00;1402
30/8/16 7:00;1396
30/8/16 8:00;1392
30/8/16 9:00;1400
30/8/16 10:00;1387
30/8/16 11:00;1379
30/8/16 12:00;1366
30/8/16 13:00;1350
30/8/16 14:00;1340
30/8/16 15:00;1329
30/8/16 16:00;1327
30/8/16 17:00;1285
30/8/16 18:00;1307
30/8/16 19:00;1297
30/8/16 20:00;1295
30/8/16 21:00;1296
30/8/16 22:00;1315
30/8/16 23:00;1330
31/8/16 0:00;1274
31/8/16 1:00;1312
31/8/16 2:00;1336
31/8/16 3:00;1314
31/8/16 4:00;1333
31/8/16 5:00;1284
31/8/16 6:00;1228
31/8/16 7:00;1206
31/8/16 8:00;1342
31/8/16 9:00;1336
31/8/16 10:00;1281
31/8/16 11:00;1262
31/8/16 12:00;1129
31/8/16 13:00;1129
31/8/16 14:00;1129
31/8/16 15:00;1129
31/8/16 16:00;1129
31/8/16 17:00;1129
31/8/16 18:00;1129
31/8/16 19:00;1130
31/8/16 20:00;1130
31/8/16 21:00;1130
31/8/16 22:00;1130
31/8/16 23:00;1130
1/9/16 0:00;1130
1/9/16 1:00;1132
1/9/16 2:00;1131
1/9/16 3:00;1131
1/9/16 4:00;1132
1/9/16 5:00;1132
1/9/16 6:00;1132
1/9/16 7:00;1134
1/9/16 8:00;1138
1/9/16 9:00;1137
1/9/16 10:00;1137
1/9/16 11:00;1139
1/9/16 12:00;1132
1/9/16 13:00;1129
1/9/16 14:00;1144
1/9/16 15:00;1151
1/9/16 16:00;1151
1/9/16 17:00;1153
1/9/16 18:00;1153
1/9/16 19:00;1152
1/9/16 20:00;1152
1/9/16 21:00;1152
1/9/16 22:00;1152
1/9/16 23:00;1152
2/9/16 0:00;1152
2/9/16 1:00;1153
2/9/16 2:00;1153
2/9/16 3:00;1152
2/9/16 4:00;1152
2/9/16 5:00;1152
2/9/16 6:00;1153
2/9/16 7:00;1153
2/9/16 8:00;1153
2/9/16 9:00;1153
2/9/16 10:00;1152
2/9/16 11:00;1152
2/9/16 12:00;1155
2/9/16 13:00;1156
2/9/16 14:00;1163
2/9/16 15:00;1165
2/9/16 16:00;1165
2/9/16 17:00;1165
2/9/16 18:00;1165
2/9/16 19:00;1165
2/9/16 20:00;1163
4/9/16 22:00;1166
4/9/16 23:00;1166
5/9/16 0:00;1165
5/9/16 1:00;1165
5/9/16 2:00;1164
5/9/16 3:00;1163
5/9/16 4:00;1161
5/9/16 5:00;1160
5/9/16 6:00;1162
5/9/16 7:00;1161
5/9/16 8:00;1151
5/9/16 9:00;1156
5/9/16 10:00;1159
5/9/16 11:00;1160
5/9/16 12:00;1158
5/9/16 13:00;1155
5/9/16 14:00;1155
5/9/16 15:00;1153
5/9/16 16:00;1156
5/9/16 17:00;1157
5/9/16 18:00;1157
5/9/16 19:00;1156
5/9/16 20:00;1156
5/9/16 21:00;1156
5/9/16 22:00;1157
5/9/16 23:00;1157
6/9/16 0:00;1156
6/9/16 1:00;1154
6/9/16 2:00;1156
6/9/16 3:00;1152
6/9/16 4:00;1157
6/9/16 5:00;1154
6/9/16 6:00;1150
6/9/16 7:00;1150
6/9/16 8:00;1151
6/9/16 9:00;1148
6/9/16 10:00;1149
6/9/16 11:00;1157
6/9/16 12:00;1163
6/9/16 13:00;1161
6/9/16 14:00;1122
6/9/16 15:00;1132
6/9/16 16:00;1118
6/9/16 17:00;1089
6/9/16 18:00;1116
6/9/16 19:00;1125
6/9/16 20:00;1111
6/9/16 21:00;1124
6/9/16 22:00;1154
6/9/16 23:00;1129
7/9/16 0:00;1144
7/9/16 1:00;1134
7/9/16 2:00;1125
7/9/16 3:00;1123
7/9/16 4:00;1121
7/9/16 5:00;1120
7/9/16 6:00;1137
7/9/16 7:00;1151
7/9/16 8:00;1138
7/9/16 9:00;1075
7/9/16 10:00;1091
7/9/16 11:00;1139
7/9/16 12:00;1024
7/9/16 13:00;1098
7/9/16 14:00;1424
7/9/16 15:00;1432
7/9/16 16:00;1439
7/9/16 17:00;1435
7/9/16 18:00;1435
7/9/16 19:00;1436
7/9/16 20:00;1435
7/9/16 21:00;1430
7/9/16 22:00;1428
7/9/16 23:00;1437
8/9/16 0:00;1431
8/9/16 1:00;1429
8/9/16 2:00;1427
8/9/16 3:00;1429
8/9/16 4:00;1430
8/9/16 5:00;1432
8/9/16 6:00;1431
8/9/16 7:00;1425
8/9/16 8:00;1420
8/9/16 9:00;1419
8/9/16 10:00;1412
8/9/16 11:00;1419
8/9/16 12:00;1407
8/9/16 13:00;1457
8/9/16 14:00;1478
8/9/16 15:00;1483
8/9/16 16:00;1483
8/9/16 17:00;1479
8/9/16 18:00;1481
8/9/16 19:00;1485
8/9/16 20:00;1488
8/9/16 21:00;1487
8/9/16 22:00;1487
8/9/16 23:00;1487
9/9/16 0:00;1488
9/9/16 1:00;1485
9/9/16 2:00;1484
9/9/16 3:00;1485
9/9/16 4:00;1484
9/9/16 5:00;1483
9/9/16 6:00;1489
9/9/16 7:00;1475
9/9/16 8:00;1476
9/9/16 9:00;1479
9/9/16 10:00;1465
9/9/16 11:00;1430
9/9/16 12:00;1531
9/9/16 13:00;1425
9/9/16 14:00;1671
9/9/16 15:00;1638
9/9/16 16:00;1647
9/9/16 17:00;1642
9/9/16 18:00;1656
9/9/16 19:00;1635
9/9/16 20:00;1610
11/9/16 22:00;1610
11/9/16 23:00;1668
12/9/16 0:00;1659
12/9/16 1:00;1641
12/9/16 2:00;1655
12/9/16 3:00;1663
12/9/16 4:00;1659
12/9/16 5:00;1666
12/9/16 6:00;1660
12/9/16 7:00;1589
12/9/16 8:00;1584
12/9/16 9:00;1549
12/9/16 10:00;1556
12/9/16 11:00;1756
12/9/16 12:00;1677
12/9/16 13:00;1732
12/9/16 14:00;1775
12/9/16 15:00;1775
12/9/16 16:00;1775
12/9/16 17:00;1775
12/9/16 18:00;1774
12/9/16 19:00;1773
12/9/16 20:00;1772
12/9/16 21:00;1772
12/9/16 22:00;1773
12/9/16 23:00;1772
13/9/16 0:00;1775
13/9/16 1:00;1776
13/9/16 2:00;1777
13/9/16 3:00;1775
13/9/16 4:00;1776
13/9/16 5:00;1778
13/9/16 6:00;1783
13/9/16 7:00;1785
13/9/16 8:00;1783
13/9/16 9:00;1784
13/9/16 10:00;1783
13/9/16 11:00;1785
13/9/16 12:00;1786
13/9/16 13:00;1788
13/9/16 14:00;1786
13/9/16 15:00;1788
13/9/16 16:00;1797
13/9/16 17:00;1801
13/9/16 18:00;1800
13/9/16 19:00;1802
13/9/16 20:00;1802
13/9/16 21:00;1802
13/9/16 22:00;1801
13/9/16 23:00;1804
14/9/16 0:00;1797
14/9/16 1:00;1803
14/9/16 2:00;1809
14/9/16 3:00;1811
14/9/16 4:00;1812
14/9/16 5:00;1811
14/9/16 6:00;1817
14/9/16 7:00;1816
14/9/16 8:00;1813
14/9/16 9:00;1820
14/9/16 10:00;1822
14/9/16 11:00;1823
14/9/16 12:00;1824
14/9/16 13:00;1827
14/9/16 14:00;1829
14/9/16 15:00;1830
14/9/16 16:00;1830
14/9/16 17:00;1833
14/9/16 18:00;1832
14/9/16 19:00;1832
14/9/16 20:00;1831
14/9/16 21:00;1832
14/9/16 22:00;1831
14/9/16 23:00;1832
15/9/16 0:00;1833
15/9/16 1:00;1834
15/9/16 2:00;1834
15/9/16 3:00;1833
15/9/16 4:00;1832
15/9/16 5:00;1834
15/9/16 6:00;1832
15/9/16 7:00;1832
15/9/16 8:00;1834
15/9/16 9:00;1836
15/9/16 10:00;1835
15/9/16 11:00;1835
15/9/16 12:00;1834
15/9/16 13:00;1832
15/9/16 14:00;1840
15/9/16 15:00;1842
15/9/16 16:00;1841
15/9/16 17:00;1843
15/9/16 18:00;1843
15/9/16 19:00;1843
15/9/16 20:00;1844
15/9/16 21:00;1845
15/9/16 22:00;1847
15/9/16 23:00;1847
16/9/16 0:00;1846
16/9/16 1:00;1847
16/9/16 2:00;1847
16/9/16 3:00;1847
16/9/16 4:00;1847
16/9/16 5:00;1847
16/9/16 6:00;1848
16/9/16 7:00;1847
16/9/16 8:00;1847
16/9/16 9:00;1847
16/9/16 10:00;1849
16/9/16 11:00;1849
16/9/16 12:00;1850
16/9/16 13:00;1847
16/9/16 14:00;1831
16/9/16 15:00;1838
16/9/16 16:00;1842
16/9/16 17:00;1756
16/9/16 18:00;1498
16/9/16 19:00;1499
16/9/16 20:00;1498
18/9/16 22:00;1501
18/9/16 23:00;1499
19/9/16 0:00;1501
19/9/16 1:00;1502
19/9/16 2:00;1501
19/9/16 3:00;1501
19/9/16 4:00;1502
19/9/16 5:00;1501
19/9/16 6:00;1502
19/9/16 7:00;1503
19/9/16 8:00;1502
19/9/16 9:00;1502
19/9/16 10:00;1503
19/9/16 11:00;1502
19/9/16 12:00;1504
19/9/16 13:00;1502
19/9/16 14:00;1507
19/9/16 15:00;1507
19/9/16 16:00;1508
19/9/16 17:00;1508
19/9/16 18:00;1508
19/9/16 19:00;1509
19/9/16 20:00;1509
19/9/16 21:00;1509
19/9/16 22:00;1509
19/9/16 23:00;1509
20/9/16 0:00;1509
20/9/16 1:00;1509
20/9/16 2:00;1508
20/9/16 3:00;1509
20/9/16 4:00;1508
20/9/16 5:00;1509
20/9/16 6:00;1507
20/9/16 7:00;1506
20/9/16 8:00;1507
20/9/16 9:00;1507
20/9/16 10:00;1509
20/9/16 11:00;1509
20/9/16 12:00;1507
20/9/16 13:00;1508
20/9/16 14:00;1507
20/9/16 15:00;1512
20/9/16 16:00;1514
20/9/16 17:00;1512
20/9/16 18:00;1513
20/9/16 19:00;1514
20/9/16 20:00;1513
20/9/16 21:00;1514
20/9/16 22:00;1513
20/9/16 23:00;1515
21/9/16 0:00;1519
21/9/16 1:00;1520
21/9/16 2:00;1518
21/9/16 3:00;1518
21/9/16 4:00;1520
21/9/16 5:00;1521
21/9/16 6:00;1523
21/9/16 7:00;1519
21/9/16 8:00;1517
21/9/16 9:00;1520
21/9/16 10:00;1519
21/9/16 11:00;1525
21/9/16 12:00;1522
21/9/16 13:00;1523
21/9/16 14:00;1530
21/9/16 15:00;1531
21/9/16 16:00;1533
21/9/16 17:00;1536
21/9/16 18:00;1536
21/9/16 19:00;1535
21/9/16 20:00;1533
21/9/16 21:00;1534
21/9/16 22:00;1534
21/9/16 23:00;1536
22/9/16 0:00;1528
22/9/16 1:00;1535
22/9/16 2:00;1538
22/9/16 3:00;1536
22/9/16 4:00;1528
22/9/16 5:00;1531
22/9/16 6:00;1522
22/9/16 7:00;1531
22/9/16 8:00;1515
22/9/16 9:00;1519
22/9/16 10:00;1513
22/9/16 11:00;1511
22/9/16 12:00;1519
22/9/16 13:00;1526
22/9/16 14:00;1533
22/9/16 15:00;1547
22/9/16 16:00;1554
22/9/16 17:00;1555
22/9/16 18:00;1560
22/9/16 19:00;1560
22/9/16 20:00;1556
22/9/16 21:00;1556
22/9/16 22:00;1556
22/9/16 23:00;1557
23/9/16 0:00;1560
23/9/16 1:00;1563
23/9/16 2:00;1562
23/9/16 3:00;1561
23/9/16 4:00;1562
23/9/16 5:00;1563
23/9/16 6:00;1561
23/9/16 7:00;1568
23/9/16 8:00;1568
23/9/16 9:00;1563
23/9/16 10:00;1561
23/9/16 11:00;1562
23/9/16 12:00;1567
23/9/16 13:00;1567
23/9/16 14:00;1573
23/9/16 15:00;1574
23/9/16 16:00;1574
23/9/16 17:00;1569
23/9/16 18:00;1580
23/9/16 19:00;1588
23/9/16 20:00;1587
25/9/16 22:00;1584
25/9/16 23:00;1589
26/9/16 0:00;1590
26/9/16 1:00;1591
26/9/16 2:00;1591
26/9/16 3:00;1592
26/9/16 4:00;1592
26/9/16 5:00;1591
26/9/16 6:00;1588
26/9/16 7:00;1585
26/9/16 8:00;1581
26/9/16 9:00;1577
26/9/16 10:00;1580
26/9/16 11:00;1575
26/9/16 12:00;1581
26/9/16 13:00;1591
26/9/16 14:00;1595
26/9/16 15:00;1574
26/9/16 16:00;1587
26/9/16 17:00;1586
26/9/16 18:00;1534
26/9/16 19:00;1470
26/9/16 20:00;1547
26/9/16 21:00;1568
26/9/16 22:00;1609
26/9/16 23:00;1600
27/9/16 0:00;1429
27/9/16 1:00;1668
27/9/16 2:00;1668
27/9/16 3:00;1672
27/9/16 4:00;1664
27/9/16 5:00;1665
27/9/16 6:00;1650
27/9/16 7:00;1564
27/9/16 8:00;1386
27/9/16 9:00;1387
27/9/16 10:00;1387
27/9/16 11:00;1394
27/9/16 12:00;1394
27/9/16 13:00;1394
27/9/16 14:00;1394
27/9/16 15:00;1394
27/9/16 16:00;1395
27/9/16 17:00;1394
27/9/16 18:00;1395
27/9/16 19:00;1395
27/9/16 20:00;1395
27/9/16 21:00;1395
27/9/16 22:00;1395
27/9/16 23:00;1394
28/9/16 0:00;1392
28/9/16 1:00;1393
28/9/16 2:00;1395
28/9/16 3:00;1393
28/9/16 4:00;1393
28/9/16 5:00;1393
28/9/16 6:00;1393
28/9/16 7:00;1392
28/9/16 8:00;1393
28/9/16 9:00;1395
28/9/16 10:00;1394
28/9/16 11:00;1396
28/9/16 12:00;1396
28/9/16 13:00;1395
28/9/16 14:00;1397
28/9/16 15:00;1396
28/9/16 16:00;1397
28/9/16 17:00;1396
28/9/16 18:00;1394
28/9/16 19:00;1400
28/9/16 20:00;1391
28/9/16 21:00;1394
28/9/16 22:00;1386
28/9/16 23:00;1388
29/9/16 0:00;1390
29/9/16 1:00;1391
29/9/16 2:00;1393
29/9/16 3:00;1392
29/9/16 4:00;1397
29/9/16 5:00;1399
29/9/16 6:00;1405
29/9/16 7:00;1404
29/9/16 8:00;1405
29/9/16 9:00;1409
29/9/16 10:00;1408
29/9/16 11:00;1403
29/9/16 12:00;1402
29/9/16 13:00;1399
29/9/16 14:00;1406
29/9/16 15:00;1405
29/9/16 16:00;1415
29/9/16 17:00;1416
29/9/16 18:00;1418
29/9/16 19:00;1420
29/9/16 20:00;1422
29/9/16 21:00;1421
29/9/16 22:00;1421
29/9/16 23:00;1422
30/9/16 0:00;1421
30/9/16 1:00;1421
30/9/16 2:00;1424
30/9/16 3:00;1424
30/9/16 4:00;1426
30/9/16 5:00;1424
30/9/16 6:00;1426
30/9/16 7:00;1419
30/9/16 8:00;1432
30/9/16 9:00;1435
30/9/16 10:00;1431
30/9/16 11:00;1430
30/9/16 12:00;1436
30/9/16 13:00;1435
30/9/16 14:00;1433
30/9/16 15:00;1433
30/9/16 16:00;1428
30/9/16 17:00;1431
30/9/16 18:00;1431
30/9/16 19:00;1430
30/9/16 20:00;1427
2/10/16 22:00;1426
2/10/16 23:00;1427
3/10/16 0:00;1429
3/10/16 1:00;1426
3/10/16 2:00;1422
3/10/16 3:00;1426
3/10/16 4:00;1426
3/10/16 5:00;1427
3/10/16 6:00;1429
3/10/16 7:00;1431
3/10/16 8:00;1436
3/10/16 9:00;1437
3/10/16 10:00;1439
3/10/16 11:00;1435
3/10/16 12:00;1433
3/10/16 13:00;1430
3/10/16 14:00;1432
3/10/16 15:00;1431
3/10/16 16:00;1433
3/10/16 17:00;1434
3/10/16 18:00;1435
3/10/16 19:00;1435
3/10/16 20:00;1433
3/10/16 21:00;1431
3/10/16 22:00;1430
3/10/16 23:00;1429
4/10/16 0:00;1428
4/10/16 1:00;1428
4/10/16 2:00;1429
4/10/16 3:00;1433
4/10/16 4:00;1430
4/10/16 5:00;1430
4/10/16 6:00;1427
4/10/16 7:00;1423
4/10/16 8:00;1418
4/10/16 9:00;1420
4/10/16 10:00;1404
4/10/16 11:00;1390
4/10/16 12:00;1404
4/10/16 13:00;1373
4/10/16 14:00;1373
4/10/16 15:00;1377
4/10/16 16:00;1374
4/10/16 17:00;1378
4/10/16 18:00;1376
4/10/16 19:00;1377
4/10/16 20:00;1377
4/10/16 21:00;1373
4/10/16 22:00;1378
4/10/16 23:00;1375
5/10/16 0:00;1373
5/10/16 1:00;1361
5/10/16 2:00;1366
5/10/16 3:00;1406
5/10/16 4:00;1404
5/10/16 5:00;1405
5/10/16 6:00;1397
5/10/16 7:00;1404
5/10/16 8:00;1403
5/10/16 9:00;1400
5/10/16 10:00;1398
5/10/16 11:00;1402
5/10/16 12:00;1406
5/10/16 13:00;1406
5/10/16 14:00;1398
5/10/16 15:00;1409
5/10/16 16:00;1409
5/10/16 17:00;1408
5/10/16 18:00;1405
5/10/16 19:00;1404
5/10/16 20:00;1406
5/10/16 21:00;1404
5/10/16 22:00;1404
5/10/16 23:00;1406
6/10/16 0:00;1406
6/10/16 1:00;1411
6/10/16 2:00;1408
6/10/16 3:00;1407
6/10/16 4:00;1405
6/10/16 5:00;1407
6/10/16 6:00;1402
6/10/16 7:00;1400
6/10/16 8:00;1403
6/10/16 9:00;1404
6/10/16 10:00;1404
6/10/16 11:00;1402
6/10/16 12:00;1396
6/10/16 13:00;1388
6/10/16 14:00;1389
6/10/16 15:00;1390
6/10/16 16:00;1394
6/10/16 17:00;1388
6/10/16 18:00;1373
6/10/16 19:00;1392
6/10/16 20:00;1411
6/10/16 21:00;1402
6/10/16 22:00;1406
6/10/16 23:00;1451
7/10/16 0:00;1476
7/10/16 1:00;1476
7/10/16 2:00;1506
7/10/16 3:00;1505
7/10/16 4:00;1504
7/10/16 5:00;1512
7/10/16 6:00;1510
7/10/16 7:00;1510
7/10/16 8:00;1509
7/10/16 9:00;1504
7/10/16 10:00;1539
7/10/16 11:00;1547
7/10/16 12:00;1568
7/10/16 13:00;1573
7/10/16 14:00;1584
7/10/16 15:00;1595
7/10/16 16:00;1592
7/10/16 17:00;1595
7/10/16 18:00;1593
7/10/16 19:00;1591
7/10/16 20:00;1589
9/10/16 22:00;1597
9/10/16 23:00;1596
10/10/16 0:00;1597
10/10/16 1:00;1597
10/10/16 2:00;1596
10/10/16 3:00;1596
10/10/16 4:00;1596
10/10/16 5:00;1597
10/10/16 6:00;1599
10/10/16 7:00;1598
10/10/16 8:00;1599
10/10/16 9:00;1602
10/10/16 10:00;1604
10/10/16 11:00;1605
10/10/16 12:00;1602
10/10/16 13:00;1588
10/10/16 14:00;1600
10/10/16 15:00;1621
10/10/16 16:00;1624
10/10/16 17:00;1629
10/10/16 18:00;1630
10/10/16 19:00;1629
10/10/16 20:00;1629
10/10/16 21:00;1629
10/10/16 22:00;1629
10/10/16 23:00;1630
11/10/16 0:00;1634
11/10/16 1:00;1632
11/10/16 2:00;1628
11/10/16 3:00;1602
11/10/16 4:00;1582
11/10/16 5:00;1659
11/10/16 6:00;1667
11/10/16 7:00;1669
11/10/16 8:00;1669
11/10/16 9:00;1670
11/10/16 10:00;1668
11/10/16 11:00;1671
11/10/16 12:00;1669
11/10/16 13:00;1676
11/10/16 14:00;1675
11/10/16 15:00;1672
11/10/16 16:00;1662
11/10/16 17:00;1610
11/10/16 18:00;1668
11/10/16 19:00;1654
11/10/16 20:00;1659
11/10/16 21:00;1645
11/10/16 22:00;1724
11/10/16 23:00;1723
12/10/16 0:00;1724
12/10/16 1:00;1722
12/10/16 2:00;1697
12/10/16 3:00;1737
12/10/16 4:00;1735
12/10/16 5:00;1755
12/10/16 6:00;1753
12/10/16 7:00;1757
12/10/16 8:00;1756
12/10/16 9:00;1756
12/10/16 10:00;1758
12/10/16 11:00;1758
12/10/16 12:00;1754
12/10/16 13:00;1758
12/10/16 14:00;1754
12/10/16 15:00;1758
12/10/16 16:00;1763
12/10/16 17:00;1766
12/10/16 18:00;1764
12/10/16 19:00;1765
12/10/16 20:00;1766
12/10/16 21:00;1764
12/10/16 22:00;1764
12/10/16 23:00;1763
13/10/16 0:00;1759
13/10/16 1:00;1762
13/10/16 2:00;1765
13/10/16 3:00;1766
13/10/16 4:00;1767
13/10/16 5:00;1768
13/10/16 6:00;1765
13/10/16 7:00;1770
13/10/16 8:00;1769
13/10/16 9:00;1779
13/10/16 10:00;1779
13/10/16 11:00;1778
13/10/16 12:00;1780
13/10/16 13:00;1783
13/10/16 14:00;1783
13/10/16 15:00;1782
13/10/16 16:00;1784
13/10/16 17:00;1785
13/10/16 18:00;1785
13/10/16 19:00;1785
13/10/16 20:00;1784
13/10/16 21:00;1784
13/10/16 22:00;1785
13/10/16 23:00;1784
14/10/16 0:00;1782
14/10/16 1:00;1781
14/10/16 2:00;1780
14/10/16 3:00;1780
14/10/16 4:00;1779
14/10/16 5:00;1780
14/10/16 6:00;1780
14/10/16 7:00;1777
14/10/16 8:00;1772
14/10/16 9:00;1764
14/10/16 10:00;1772
14/10/16 11:00;1764
14/10/16 12:00;1768
14/10/16 13:00;1767
14/10/16 14:00;1773
14/10/16 15:00;1786
14/10/16 16:00;1785
14/10/16 17:00;1785
14/10/16 18:00;1782
14/10/16 19:00;1786
14/10/16 20:00;1786
16/10/16 22:00;1785
16/10/16 23:00;1787
17/10/16 0:00;1789
17/10/16 1:00;1791
17/10/16 2:00;1791
17/10/16 3:00;1794
17/10/16 4:00;1792
17/10/16 5:00;1792
17/10/16 6:00;1793
17/10/16 7:00;1787
17/10/16 8:00;1795
17/10/16 9:00;1796
17/10/16 10:00;1804
17/10/16 11:00;1803
17/10/16 12:00;1805
17/10/16 13:00;1805
17/10/16 14:00;1802
17/10/16 15:00;1807
17/10/16 16:00;1806
17/10/16 17:00;1806
17/10/16 18:00;1803
17/10/16 19:00;1805
17/10/16 20:00;1803
17/10/16 21:00;1800
17/10/16 22:00;1805
17/10/16 23:00;1805
18/10/16 0:00;1804
18/10/16 1:00;1804
18/10/16 2:00;1804
18/10/16 3:00;1804
18/10/16 4:00;1802
18/10/16 5:00;1802
18/10/16 6:00;1797
18/10/16 7:00;1793
18/10/16 8:00;1792
18/10/16 9:00;1793
18/10/16 10:00;1788
18/10/16 11:00;1792
18/10/16 12:00;1793
18/10/16 13:00;1796
18/10/16 14:00;1798
18/10/16 15:00;1806
18/10/16 16:00;1810
18/10/16 17:00;1804
18/10/16 18:00;1805
18/10/16 19:00;1805
18/10/16 20:00;1803
18/10/16 21:00;1800
18/10/16 22:00;1802
18/10/16 23:00;1799
19/10/16 0:00;1806
19/10/16 1:00;1808
19/10/16 2:00;1808
19/10/16 3:00;1810
19/10/16 4:00;1808
19/10/16 5:00;1808
19/10/16 6:00;1815
19/10/16 7:00;1813
19/10/16 8:00;1806
19/10/16 9:00;1813
19/10/16 10:00;1806
19/10/16 11:00;1807
19/10/16 12:00;1798
19/10/16 13:00;1807
19/10/16 14:00;1788
19/10/16 15:00;1830
19/10/16 16:00;1804
19/10/16 17:00;1830
19/10/16 18:00;1819
19/10/16 19:00;1806
19/10/16 20:00;1843
19/10/16 21:00;1853
19/10/16 22:00;1851
19/10/16 23:00;1829
20/10/16 0:00;1896
20/10/16 1:00;1900
20/10/16 2:00;1895
20/10/16 3:00;1884
20/10/16 4:00;1900
20/10/16 5:00;1908
20/10/16 6:00;1909
20/10/16 7:00;1914
20/10/16 8:00;1918
20/10/16 9:00;1912
20/10/16 10:00;1919
20/10/16 11:00;1923
20/10/16 12:00;1949
20/10/16 13:00;1949
20/10/16 14:00;1948
20/10/16 15:00;1949
20/10/16 16:00;1949
20/10/16 17:00;1947
20/10/16 18:00;1946
20/10/16 19:00;1947
20/10/16 20:00;1946
20/10/16 21:00;1944
20/10/16 22:00;1946
20/10/16 23:00;1947
21/10/16 0:00;1944
21/10/16 1:00;1943
21/10/16 2:00;1941
21/10/16 3:00;1943
21/10/16 4:00;1943
21/10/16 5:00;1946
21/10/16 6:00;1947
21/10/16 7:00;1942
21/10/16 8:00;1944
21/10/16 9:00;1954
21/10/16 10:00;1955
21/10/16 11:00;1955
21/10/16 12:00;1910
21/10/16 13:00;1918
21/10/16 14:00;1911
21/10/16 15:00;1930
21/10/16 16:00;1928
21/10/16 17:00;1899
21/10/16 18:00;1930
21/10/16 19:00;1952
21/10/16 20:00;1920
23/10/16 22:00;1900
23/10/16 23:00;1879
24/10/16 0:00;1890
24/10/16 1:00;1864
24/10/16 2:00;1869
24/10/16 3:00;1881
24/10/16 4:00;1881
24/10/16 5:00;1894
24/10/16 6:00;1945
24/10/16 7:00;1938
24/10/16 8:00;1913
24/10/16 9:00;1927
24/10/16 10:00;1926
24/10/16 11:00;1896
24/10/16 12:00;1904
24/10/16 13:00;1937
24/10/16 14:00;1888
24/10/16 15:00;1748
24/10/16 16:00;1739
24/10/16 17:00;1727
24/10/16 18:00;1892
24/10/16 19:00;1749
24/10/16 20:00;2129
24/10/16 21:00;2146
24/10/16 22:00;2145
24/10/16 23:00;2145
25/10/16 0:00;2145
25/10/16 1:00;2144
25/10/16 2:00;2144
25/10/16 3:00;2144
25/10/16 4:00;2143
25/10/16 5:00;2142
25/10/16 6:00;2144
25/10/16 7:00;2144
25/10/16 8:00;2142
25/10/16 9:00;2142
25/10/16 10:00;2142
25/10/16 11:00;2140
25/10/16 12:00;2141
25/10/16 13:00;2132
25/10/16 14:00;2153
25/10/16 15:00;2163
25/10/16 16:00;2166
25/10/16 17:00;2163
25/10/16 18:00;2165
25/10/16 19:00;2165
25/10/16 20:00;2165
25/10/16 21:00;2165
25/10/16 22:00;2164
25/10/16 23:00;2164
26/10/16 0:00;2162
26/10/16 1:00;2162
26/10/16 2:00;2163
26/10/16 3:00;2165
26/10/16 4:00;2165
26/10/16 5:00;2163
26/10/16 6:00;2162
26/10/16 7:00;2164
26/10/16 8:00;2166
26/10/16 9:00;2168
26/10/16 10:00;2169
26/10/16 11:00;2170
26/10/16 12:00;2171
26/10/16 13:00;2174
26/10/16 14:00;2179
26/10/16 15:00;2180
26/10/16 16:00;2181
26/10/16 17:00;2181
26/10/16 18:00;2181
26/10/16 19:00;2181
26/10/16 20:00;2181
26/10/16 21:00;2181
26/10/16 22:00;2181
26/10/16 23:00;2181
27/10/16 0:00;2181
27/10/16 1:00;2182
27/10/16 2:00;2182
27/10/16 3:00;2183
27/10/16 4:00;2182
27/10/16 5:00;2182
27/10/16 6:00;2183
27/10/16 7:00;2182
27/10/16 8:00;2187
27/10/16 9:00;2186
27/10/16 10:00;2187
27/10/16 11:00;2187
27/10/16 12:00;2185
27/10/16 13:00;2188
27/10/16 14:00;2190
27/10/16 15:00;2189
27/10/16 16:00;2192
27/10/16 17:00;2191
27/10/16 18:00;2192
27/10/16 19:00;2193
27/10/16 20:00;2191
27/10/16 21:00;2191
27/10/16 22:00;2191
27/10/16 23:00;2192
28/10/16 0:00;2193
28/10/16 1:00;2191
28/10/16 2:00;2192
28/10/16 3:00;2193
28/10/16 4:00;2191
28/10/16 5:00;2192
28/10/16 6:00;2194
28/10/16 7:00;2196
28/10/16 8:00;2194
28/10/16 9:00;2193
28/10/16 10:00;2191
28/10/16 11:00;2204
28/10/16 12:00;2215
28/10/16 13:00;2215
28/10/16 14:00;2219
28/10/16 15:00;2218
28/10/16 16:00;2217
28/10/16 17:00;2212
28/10/16 18:00;2213
28/10/16 19:00;2215
28/10/16 20:00;2214
30/10/16 22:00;2216
30/10/16 23:00;2215
31/10/16 0:00;2216
31/10/16 1:00;2214
31/10/16 2:00;2214
31/10/16 3:00;2213
31/10/16 4:00;2211
31/10/16 5:00;2212
31/10/16 6:00;2213
31/10/16 7:00;2213
31/10/16 8:00;2217
31/10/16 9:00;2216
31/10/16 10:00;2217
31/10/16 11:00;2218
31/10/16 12:00;2216
31/10/16 13:00;2217
31/10/16 14:00;2217
31/10/16 15:00;2218
31/10/16 16:00;2217
31/10/16 17:00;2217
31/10/16 18:00;2216
31/10/16 19:00;2215
31/10/16 20:00;2215
31/10/16 21:00;2214
31/10/16 22:00;2214
31/10/16 23:00;2215
1/11/16 0:00;2216
1/11/16 1:00;2216
1/11/16 2:00;2215
1/11/16 3:00;2210
1/11/16 4:00;2208
1/11/16 5:00;2207
1/11/16 6:00;2207
1/11/16 7:00;2208
1/11/16 8:00;2208
1/11/16 9:00;2206
1/11/16 10:00;2205
1/11/16 11:00;2201
1/11/16 12:00;2202
1/11/16 13:00;2200
1/11/16 14:00;2197
1/11/16 15:00;2194
1/11/16 16:00;2162
1/11/16 17:00;2138
1/11/16 18:00;2079
1/11/16 19:00;2222
1/11/16 20:00;2218
1/11/16 21:00;2201
1/11/16 22:00;2212
1/11/16 23:00;2211
2/11/16 0:00;2198
2/11/16 1:00;2051
2/11/16 2:00;2036
2/11/16 3:00;2006
2/11/16 4:00;1904
2/11/16 5:00;1906
2/11/16 6:00;1907
2/11/16 7:00;1906
2/11/16 8:00;1905
2/11/16 9:00;1903
2/11/16 10:00;1902
2/11/16 11:00;1903
2/11/16 12:00;1905
2/11/16 13:00;1901
2/11/16 14:00;1906
2/11/16 15:00;1906
2/11/16 16:00;1902
2/11/16 17:00;1903
2/11/16 18:00;1901
2/11/16 19:00;1895
2/11/16 20:00;1917
2/11/16 21:00;1921
2/11/16 22:00;1920
2/11/16 23:00;1922
3/11/16 0:00;1920
3/11/16 1:00;1922
3/11/16 2:00;1913
3/11/16 3:00;1895
3/11/16 4:00;1907
3/11/16 5:00;1918
3/11/16 6:00;1906
3/11/16 7:00;1898
3/11/16 8:00;1930
3/11/16 9:00;1923
3/11/16 10:00;1910
3/11/16 11:00;1918
3/11/16 12:00;1885
3/11/16 13:00;1931
3/11/16 14:00;1943
3/11/16 15:00;1943
3/11/16 16:00;1942
3/11/16 17:00;1948
3/11/16 18:00;1944
3/11/16 19:00;1943
3/11/16 20:00;1942
3/11/16 21:00;1941
3/11/16 22:00;1941
3/11/16 23:00;1939
4/11/16 0:00;1935
4/11/16 1:00;1937
4/11/16 2:00;1936
4/11/16 3:00;1938
4/11/16 4:00;1939
4/11/16 5:00;1940
4/11/16 6:00;1943
4/11/16 7:00;1940
4/11/16 8:00;1939
4/11/16 9:00;1938
4/11/16 10:00;1939
4/11/16 11:00;1935
4/11/16 12:00;1937
4/11/16 13:00;1934
4/11/16 14:00;1934
4/11/16 15:00;1929
4/11/16 16:00;1945
4/11/16 17:00;1960
4/11/16 18:00;1960
4/11/16 19:00;1959
4/11/16 20:00;1958
6/11/16 23:00;1963
7/11/16 0:00;1968
7/11/16 1:00;1966
7/11/16 2:00;1964
7/11/16 3:00;1963
7/11/16 4:00;1961
7/11/16 5:00;1961
7/11/16 6:00;1959
7/11/16 7:00;1959
7/11/16 8:00;1953
7/11/16 9:00;1958
7/11/16 10:00;1969
7/11/16 11:00;1974
7/11/16 12:00;1974
7/11/16 13:00;1973
7/11/16 14:00;1967
7/11/16 15:00;1970
7/11/16 16:00;1966
7/11/16 17:00;1970
7/11/16 18:00;1966
7/11/16 19:00;1961
7/11/16 20:00;1964
7/11/16 21:00;1961
7/11/16 22:00;1964
7/11/16 23:00;1969
8/11/16 0:00;1967
8/11/16 1:00;1969
8/11/16 2:00;1970
8/11/16 3:00;1968
8/11/16 4:00;1968
8/11/16 5:00;1970
8/11/16 6:00;1971
8/11/16 7:00;1972
8/11/16 8:00;1971
8/11/16 9:00;1971
8/11/16 10:00;1968
8/11/16 11:00;1965
8/11/16 12:00;1965
8/11/16 13:00;1962
8/11/16 14:00;1964
8/11/16 15:00;1963
8/11/16 16:00;1947
8/11/16 17:00;1946
8/11/16 18:00;1938
8/11/16 19:00;1953
8/11/16 20:00;1939
8/11/16 21:00;1933
8/11/16 22:00;1940
8/11/16 23:00;1953
9/11/16 0:00;1911
9/11/16 1:00;2070
9/11/16 2:00;2139
9/11/16 3:00;2130
9/11/16 4:00;2085
9/11/16 5:00;2135
9/11/16 6:00;2192
9/11/16 7:00;2218
9/11/16 8:00;2224
9/11/16 9:00;2208
9/11/16 10:00;2245
9/11/16 11:00;2249
9/11/16 12:00;2234
9/11/16 13:00;2228
9/11/16 14:00;2103
9/11/16 15:00;2111
9/11/16 16:00;2093
9/11/16 17:00;2150
9/11/16 18:00;2048
9/11/16 19:00;1980
9/11/16 20:00;1980
9/11/16 21:00;1990
9/11/16 22:00;1989
9/11/16 23:00;1989
10/11/16 0:00;1990
10/11/16 1:00;1993
10/11/16 2:00;1993
10/11/16 3:00;1994
10/11/16 4:00;2001
10/11/16 5:00;2008
10/11/16 6:00;2019
10/11/16 7:00;2026
10/11/16 8:00;2029
10/11/16 9:00;2023
10/11/16 10:00;1922
10/11/16 11:00;2053
10/11/16 12:00;2071
10/11/16 13:00;2096
10/11/16 14:00;2074
10/11/16 15:00;2103
10/11/16 16:00;2102
10/11/16 17:00;2108
10/11/16 18:00;2064
10/11/16 19:00;2074
10/11/16 20:00;2100
10/11/16 21:00;2107
10/11/16 22:00;2122
10/11/16 23:00;2099
11/11/16 0:00;2119
11/11/16 1:00;2143
11/11/16 2:00;2150
11/11/16 3:00;2152
11/11/16 4:00;2155
11/11/16 5:00;2153
11/11/16 6:00;2157
11/11/16 7:00;2140
11/11/16 8:00;2129
11/11/16 9:00;2120
11/11/16 10:00;2169
11/11/16 11:00;2234
11/11/16 12:00;2145
11/11/16 13:00;2180
11/11/16 14:00;2161
11/11/16 15:00;2304
11/11/16 16:00;2310
11/11/16 17:00;2312
11/11/16 18:00;2308
11/11/16 19:00;2298
11/11/16 20:00;2307
11/11/16 21:00;2306
13/11/16 23:00;2302
14/11/16 0:00;2280
14/11/16 1:00;2287
14/11/16 2:00;2307
14/11/16 3:00;2316
14/11/16 4:00;2308
14/11/16 5:00;2288
14/11/16 6:00;2287
14/11/16 7:00;2304
14/11/16 8:00;2275
14/11/16 9:00;2306
14/11/16 10:00;2304
14/11/16 11:00;2302
14/11/16 12:00;2306
14/11/16 13:00;2324
14/11/16 14:00;2285
14/11/16 15:00;2271
14/11/16 16:00;2293
14/11/16 17:00;2313
14/11/16 18:00;2322
14/11/16 19:00;2308
14/11/16 20:00;2313
14/11/16 21:00;2350
14/11/16 22:00;2349
14/11/16 23:00;2352
15/11/16 0:00;2359
15/11/16 1:00;2358
15/11/16 2:00;2360
15/11/16 3:00;2358
15/11/16 4:00;2359
15/11/16 5:00;2358
15/11/16 6:00;2355
15/11/16 7:00;2353
15/11/16 8:00;2356
15/11/16 9:00;2359
15/11/16 10:00;2358
15/11/16 11:00;2363
15/11/16 12:00;2363
15/11/16 13:00;2362
15/11/16 14:00;2352
15/11/16 15:00;2363
15/11/16 16:00;2361
15/11/16 17:00;2363
15/11/16 18:00;2361
15/11/16 19:00;2358
15/11/16 20:00;2361
15/11/16 21:00;2357
15/11/16 22:00;2361
15/11/16 23:00;2362
16/11/16 0:00;2354
16/11/16 1:00;2360
16/11/16 2:00;2362
16/11/16 3:00;2363
16/11/16 4:00;2358
16/11/16 5:00;2357
16/11/16 6:00;2358
16/11/16 7:00;2353
16/11/16 8:00;2356
16/11/16 9:00;2359
16/11/16 10:00;2357
16/11/16 11:00;2353
16/11/16 12:00;2346
16/11/16 13:00;2356
16/11/16 14:00;2343
16/11/16 15:00;2282
16/11/16 16:00;2389
16/11/16 17:00;2364
16/11/16 18:00;2295
16/11/16 19:00;2516
16/11/16 20:00;2460
16/11/16 21:00;2494
16/11/16 22:00;2497
16/11/16 23:00;2477
17/11/16 0:00;2361
17/11/16 1:00;2398
17/11/16 2:00;2237
17/11/16 3:00;2237
17/11/16 4:00;2237
17/11/16 5:00;2236
17/11/16 6:00;2236
17/11/16 7:00;2239
17/11/16 8:00;2238
17/11/16 9:00;2240
17/11/16 10:00;2239
17/11/16 11:00;2237
17/11/16 12:00;2235
17/11/16 13:00;2232
17/11/16 14:00;2232
17/11/16 15:00;2228
17/11/16 16:00;2226
17/11/16 17:00;2226
17/11/16 18:00;2210
17/11/16 19:00;2211
17/11/16 20:00;2210
17/11/16 21:00;2208
17/11/16 22:00;2207
17/11/16 23:00;2205
18/11/16 0:00;2206
18/11/16 1:00;2200
18/11/16 2:00;2196
18/11/16 3:00;2200
18/11/16 4:00;2200
18/11/16 5:00;2198
18/11/16 6:00;2200
18/11/16 7:00;2200
18/11/16 8:00;2204
18/11/16 9:00;2201
18/11/16 10:00;2208
18/11/16 11:00;2211
18/11/16 12:00;2216
18/11/16 13:00;2208
18/11/16 14:00;2197
18/11/16 15:00;2218
18/11/16 16:00;2156
18/11/16 17:00;2226
18/11/16 18:00;2227
18/11/16 19:00;2229
18/11/16 20:00;2220
18/11/16 21:00;2222
20/11/16 23:00;2221
21/11/16 0:00;2233
21/11/16 1:00;2237
21/11/16 2:00;2229
21/11/16 3:00;2221
21/11/16 4:00;2229
21/11/16 5:00;2225
21/11/16 6:00;2235
21/11/16 7:00;2255
21/11/16 8:00;2259
21/11/16 9:00;2256
21/11/16 10:00;2259
21/11/16 11:00;2265
21/11/16 12:00;2265
21/11/16 13:00;2258
21/11/16 14:00;2251
21/11/16 15:00;2254
21/11/16 16:00;2256
21/11/16 17:00;2256
21/11/16 18:00;2260
21/11/16 19:00;2253
21/11/16 20:00;2249
21/11/16 21:00;2271
21/11/16 22:00;2270
21/11/16 23:00;2274
22/11/16 0:00;2274
22/11/16 1:00;2273
22/11/16 2:00;2270
22/11/16 3:00;2274
22/11/16 4:00;2273
22/11/16 5:00;2274
22/11/16 6:00;2273
22/11/16 7:00;2272
22/11/16 8:00;2269
22/11/16 9:00;2269
22/11/16 10:00;2268
22/11/16 11:00;2270
22/11/16 12:00;2269
22/11/16 13:00;2269
22/11/16 14:00;2264
22/11/16 15:00;2266
22/11/16 16:00;2281
22/11/16 17:00;2284
22/11/16 18:00;2283
22/11/16 19:00;2286
22/11/16 20:00;2284
22/11/16 21:00;2284
22/11/16 22:00;2285
22/11/16 23:00;2285
23/11/16 0:00;2284
23/11/16 1:00;2284
23/11/16 2:00;2279
23/11/16 3:00;2286
23/11/16 4:00;2284
23/11/16 5:00;2282
23/11/16 6:00;2282
23/11/16 7:00;2279
23/11/16 8:00;2278
23/11/16 9:00;2291
23/11/16 10:00;2290
23/11/16 11:00;2290
23/11/16 12:00;2295
23/11/16 13:00;2291
23/11/16 14:00;2291
23/11/16 15:00;2271
23/11/16 16:00;2279
23/11/16 17:00;2269
23/11/16 18:00;2273
23/11/16 19:00;2282
23/11/16 20:00;2289
23/11/16 21:00;2283
23/11/16 22:00;2306
23/11/16 23:00;2295
24/11/16 0:00;2293
24/11/16 1:00;2288
24/11/16 2:00;2280
24/11/16 3:00;2281
24/11/16 4:00;2287
24/11/16 5:00;2289
24/11/16 6:00;2286
24/11/16 7:00;2268
24/11/16 8:00;2298
24/11/16 9:00;2326
24/11/16 10:00;2288
24/11/16 11:00;2288
24/11/16 12:00;2294
24/11/16 13:00;2285
24/11/16 14:00;2274
24/11/16 15:00;2276
24/11/16 16:00;2277
24/11/16 17:00;2261
24/11/16 18:00;2261
24/11/16 19:00;2263
24/11/16 20:00;2279
24/11/16 21:00;2265
24/11/16 22:00;2284
24/11/16 23:00;2288
25/11/16 0:00;2193
25/11/16 1:00;2220
25/11/16 2:00;2201
25/11/16 3:00;2255
25/11/16 4:00;2301
25/11/16 5:00;2328
25/11/16 6:00;2328
25/11/16 7:00;2370
25/11/16 8:00;2367
25/11/16 9:00;2372
25/11/16 10:00;2370
25/11/16 11:00;2370
25/11/16 12:00;2370
25/11/16 13:00;2368
25/11/16 14:00;2367
25/11/16 15:00;2366
25/11/16 16:00;2367
25/11/16 17:00;2368
25/11/16 18:00;2368
25/11/16 19:00;2370
25/11/16 20:00;2369
25/11/16 21:00;2367
27/11/16 23:00;2369
28/11/16 0:00;2369
28/11/16 1:00;2364
28/11/16 2:00;2365
28/11/16 3:00;2375
28/11/16 4:00;2374
28/11/16 5:00;2377
28/11/16 6:00;2375
28/11/16 7:00;2374
28/11/16 8:00;2375
28/11/16 9:00;2380
28/11/16 10:00;2383
28/11/16 11:00;2379
28/11/16 12:00;2377
28/11/16 13:00;2387
28/11/16 14:00;2390
28/11/16 15:00;2388
28/11/16 16:00;2387
28/11/16 17:00;2388
28/11/16 18:00;2389
28/11/16 19:00;2389
28/11/16 20:00;2388
28/11/16 21:00;2387
28/11/16 22:00;2387
28/11/16 23:00;2387
29/11/16 0:00;2389
29/11/16 1:00;2389
29/11/16 2:00;2388
29/11/16 3:00;2387
29/11/16 4:00;2387
29/11/16 5:00;2388
29/11/16 6:00;2389
29/11/16 7:00;2390
29/11/16 8:00;2392
29/11/16 9:00;2387
29/11/16 10:00;2388
29/11/16 11:00;2382
29/11/16 12:00;2370
29/11/16 13:00;2405
29/11/16 14:00;2389
29/11/16 15:00;2397
29/11/16 16:00;2417
29/11/16 17:00;2434
29/11/16 18:00;2446
29/11/16 19:00;2453
29/11/16 20:00;2453
29/11/16 21:00;2455
29/11/16 22:00;2453
29/11/16 23:00;2454
30/11/16 0:00;2456
30/11/16 1:00;2455
30/11/16 2:00;2453
30/11/16 3:00;2449
30/11/16 4:00;2451
30/11/16 5:00;2451
30/11/16 6:00;2452
30/11/16 7:00;2452
30/11/16 8:00;2450
30/11/16 9:00;2450
30/11/16 10:00;2450
30/11/16 11:00;2431
30/11/16 12:00;2432
30/11/16 13:00;2437
30/11/16 14:00;2425
30/11/16 15:00;2351
30/11/16 16:00;2193
30/11/16 17:00;2157
30/11/16 18:00;2161
30/11/16 19:00;2160
30/11/16 20:00;2157
30/11/16 21:00;2152
30/11/16 22:00;2155
30/11/16 23:00;2136
1/12/16 0:00;2145
1/12/16 1:00;2146
1/12/16 2:00;2147
1/12/16 3:00;2148
1/12/16 4:00;2149
1/12/16 5:00;2151
1/12/16 6:00;2152
1/12/16 7:00;2150
1/12/16 8:00;2148
1/12/16 9:00;2150
1/12/16 10:00;2146
1/12/16 11:00;2147
1/12/16 12:00;2138
1/12/16 13:00;2132
1/12/16 14:00;2161
1/12/16 15:00;2186
1/12/16 16:00;2203
1/12/16 17:00;2204
1/12/16 18:00;2208
1/12/16 19:00;2215
1/12/16 20:00;2217
1/12/16 21:00;2216
1/12/16 22:00;2215
1/12/16 23:00;2217
2/12/16 0:00;2220
2/12/16 1:00;2219
2/12/16 2:00;2218
2/12/16 3:00;2218
2/12/16 4:00;2218
2/12/16 5:00;2217
2/12/16 6:00;2215
2/12/16 7:00;2215
2/12/16 8:00;2215
2/12/16 9:00;2215
2/12/16 10:00;2211
2/12/16 11:00;2209
2/12/16 12:00;2207
2/12/16 13:00;2205
2/12/16 14:00;2207
2/12/16 15:00;2210
2/12/16 16:00;2206
2/12/16 17:00;2206
2/12/16 18:00;2201
2/12/16 19:00;2201
2/12/16 20:00;2198
2/12/16 21:00;2198
4/12/16 23:00;2219
5/12/16 0:00;2219
5/12/16 1:00;2220
5/12/16 2:00;2220
5/12/16 3:00;2201
5/12/16 4:00;2208
5/12/16 5:00;2219
5/12/16 6:00;2221
5/12/16 7:00;2256
5/12/16 8:00;2257
5/12/16 9:00;2259
5/12/16 10:00;2260
5/12/16 11:00;2270
5/12/16 12:00;2274
5/12/16 13:00;2274
5/12/16 14:00;2249
5/12/16 15:00;2242
5/12/16 16:00;2271
5/12/16 17:00;2232
5/12/16 18:00;2227
5/12/16 19:00;2240
5/12/16 20:00;2266
5/12/16 21:00;2269
5/12/16 22:00;2283
5/12/16 23:00;2282
6/12/16 0:00;2278
6/12/16 1:00;2272
6/12/16 2:00;2279
6/12/16 3:00;2303
6/12/16 4:00;2305
6/12/16 5:00;2305
6/12/16 6:00;2322
6/12/16 7:00;2328
6/12/16 8:00;2329
6/12/16 9:00;2330
6/12/16 10:00;2329
6/12/16 11:00;2326
6/12/16 12:00;2326
6/12/16 13:00;2321
6/12/16 14:00;2326
6/12/16 15:00;2325
6/12/16 16:00;2326
6/12/16 17:00;2328
6/12/16 18:00;2328
6/12/16 19:00;2323
6/12/16 20:00;2327
6/12/16 21:00;2328
6/12/16 22:00;2328
6/12/16 23:00;2325
7/12/16 0:00;2331
7/12/16 1:00;2335
7/12/16 2:00;2335
7/12/16 3:00;2334
7/12/16 4:00;2335
7/12/16 5:00;2335
7/12/16 6:00;2335
7/12/16 7:00;2335
7/12/16 8:00;2336
7/12/16 9:00;2335
7/12/16 10:00;2339
7/12/16 11:00;2337
7/12/16 12:00;2339
7/12/16 13:00;2336
7/12/16 14:00;2330
7/12/16 15:00;2331
7/12/16 16:00;2331
7/12/16 17:00;2335
7/12/16 18:00;2334
7/12/16 19:00;2334
7/12/16 20:00;2334
7/12/16 21:00;2337
7/12/16 22:00;2335
7/12/16 23:00;2333
8/12/16 0:00;2331
8/12/16 1:00;2332
8/12/16 2:00;2296
8/12/16 3:00;2326
8/12/16 4:00;2349
8/12/16 5:00;2352
8/12/16 6:00;2359
8/12/16 7:00;2354
8/12/16 8:00;2354
8/12/16 9:00;2356
8/12/16 10:00;2361
8/12/16 11:00;2363
8/12/16 12:00;2371
8/12/16 13:00;2396
8/12/16 14:00;2391
8/12/16 15:00;2377
8/12/16 16:00;2440
8/12/16 17:00;2433
8/12/16 18:00;2429
8/12/16 19:00;2444
8/12/16 20:00;2441
8/12/16 21:00;2439
8/12/16 22:00;2437
8/12/16 23:00;2454
9/12/16 0:00;2448
9/12/16 1:00;2433
9/12/16 2:00;2438
9/12/16 3:00;2442
9/12/16 4:00;2443
9/12/16 5:00;2451
9/12/16 6:00;2455
9/12/16 7:00;2456
9/12/16 8:00;2456
9/12/16 9:00;2461
9/12/16 10:00;2456
9/12/16 11:00;2451
9/12/16 12:00;2445
9/12/16 13:00;2451
9/12/16 14:00;2447
9/12/16 15:00;2442
9/12/16 16:00;2433
9/12/16 17:00;2449
9/12/16 18:00;2457
9/12/16 19:00;2451
9/12/16 20:00;2462
9/12/16 21:00;2461
11/12/16 23:00;2434
12/12/16 0:00;2428
12/12/16 1:00;2439
12/12/16 2:00;2443
12/12/16 3:00;2444
12/12/16 4:00;2441
12/12/16 5:00;2442
12/12/16 6:00;2435
12/12/16 7:00;2436